"","subjectID","overall_gap_pre","overall_gap_post","global_achieve_gap","global_belief_gap","belief_achieve_gap","cat_intend_gap","domain_gap","w_domain_gap","overall_value_gap","self_esteem_single_1","swl_cantril_ladder","tipi_extraversion","tipi_agreeableness","tipi_conscientiousness","tipi_emoStability","tipi_openExperience","grit_score","workEthic_score","future_score","bscs_score","ambition_score","boredomProne_score","boredomProne_ext","boredomProne_int","ccs_score","ccs_order","ccs_virtue","ccs_tradition","ccs_selfC","ccs_responsibility","ccs_industriousness","needForCognition_score","eisen_urg_imp","eisen_Xurg_imp","eisen_urg_Ximp","eisen_Xurg_Ximp"
"1",1,15,19,22.5,5.75,16.75,2.25,0.92,89,20,6,9,4.5,4.5,4.5,4.5,4,3,4.4,3.9,3.23076923076923,3,154,71,46,189,33,28,34,31,33,30,53,50,35,10,5
"2",2,55,60,49.75,65,-15.25,0,1.8,43,60,2,5,3.5,3,3.5,3.5,5,2.25,1.7,2.3,1.84615384615385,2.2,116,59,30,159,23,38,17,19,38,24,49,50,10,10,30
"3",3,40,35,36.25,25,11.25,0,1.84615384615385,180,35,2,6,2,4,3.5,6.5,4.5,2.75,4,5.2,3.30769230769231,3.4,121,63,30,228,49,25,32,43,38,41,58,30,20,30,20
"4",4,27,52,7.25,5.5,1.75,0.229166666666667,2.75,62,50,4,6,3,4,4,5,4.5,2.5,3.5,5.4,2.23076923076923,4.2,106,62,30,236,42,36,37,41,40,40,42,50,20,10,20
"5",5,15,25,21.75,18.75,3,0.0833333333333333,1.86363636363636,130,35,4,6,4.5,5.5,4,4.5,5,3.5,4.2,5.2,3.23076923076923,4.2,106,50,31,247,46,40,34,41,43,43,65,10,40,20,30
"6",6,30,40,22.5,0,22.5,0.0416666666666667,1.9047619047619,139,30,5,4,4,5,4,5.5,6,3.125,4,5.6,3.53846153846154,3.2,104,51,32,231,46,35,32,41,34,43,35,50,0,0,50
"7",7,34,21,12,3.5,8.5,0,2.56,265,21,5,6,3.5,4.5,5,6,5,3.125,4.6,3.8,2.76923076923077,4.2,93,36,40,222,34,40,38,34,36,40,51,50,10,10,30
"8",8,12,20,12.5,0,12.5,0.4375,2.57142857142857,332,40,2,6,5.5,2.5,4,6,5,3.125,3.7,6.7,3,4.8,92,37,40,241,40,46,32,38,38,47,77,30,15,15,40
"9",9,19,46,16,31.5,-15.5,0.333333333333333,4,208,66,1,9,4,4,4,4,4,3,1.8,2.8,3.76923076923077,1.8,70,32,20,168,30,26,26,30,26,30,54,40,39,10,11
"10",10,69,64,31.25,67.5,-36.25,0,2.33333333333333,180,42,4,7,4,2.5,4,5,3.5,2.125,3.4,4.3,2.69230769230769,3.4,134,68,39,200,33,32,34,31,35,35,47,30,20,20,30
"11",11,50,49,40.5,26.25,14.25,0,0.727272727272728,55,25,4,5,5,3.5,5,4,4.5,3.25,4.3,5.9,3,4.2,122,66,36,196,34,32,33,31,34,32,55,30,30,10,30
"12",12,40,20,41,12.25,28.75,0.75,1.81481481481481,189,24,4,7,3.5,4.5,3.5,5.5,5.5,3.625,4.6,5.3,3.69230769230769,3.2,106,48,33,227,34,48,35,37,37,36,63,50,10,30,10
"13",13,60,20,42.5,52.5,-10,1.04166666666667,2,63,20,3,7,4.5,3,3.5,4,4.5,1.75,2.1,3,2.30769230769231,2.2,106,66,19,148,20,26,17,27,36,22,32,50,30,10,10
"14",14,85,60,38.75,50,-11.25,0.0833333333333333,2.74074074074074,297,70,1,1,2.5,3,2.5,5,4,2.125,3.3,1.9,1.69230769230769,3.6,119,78,27,194,32,35,23,29,38,37,62,70,10,5,15
"15",15,10,13,14.75,14.5,0.25,0.541666666666667,2.29032258064516,320,9,4,6,4.5,4,4,4,4,3.625,3.4,4.9,3.61538461538462,4.2,115,51,40,210,40,34,31,29,36,40,65,40,30,10,20
"16",16,23,54,17,20.5,-3.5,0.125,1.94444444444444,108,40,2,4,5.5,4,4,5.5,6,2.625,3.7,4.3,2.46153846153846,3.2,113,51,32,178,32,29,33,22,33,29,57,25,15,10,50
"17",17,50,55,36.25,15,21.25,0,2.68,294,70,3,4,3.5,4,3.5,4.5,4.5,3.125,4.4,3,2.07692307692308,4.8,105,52,37,246,49,35,33,43,40,46,61,50,30,15,5
"18",18,35,19,28.75,15.75,13,0.291666666666667,1.25925925925926,123,14,5,8,3,5,4.5,7,6.5,4.375,4.7,5.7,4.30769230769231,4.8,105,52,37,253,40,44,34,42,43,50,73,60,30,10,0
"19",19,30,33,22.25,10,12.25,0.125,2.55,193,15,5,6,5,2.5,3.5,5.5,5,3.25,3.4,4.6,3,3.4,102,45,37,219,41,32,30,38,36,42,49,40,30,25,5
"20",20,23,30,26,28.5,-2.5,0.125,2,168,27,4,5,4,5,4.5,6,3.5,3.25,3.6,4.4,3.30769230769231,3.8,124,60,39,201,34,39,32,30,30,36,54,50,30,10,10
"21",21,0,1,0,0,0,-1,0,0,0,7,10,7,4,4,7,7,4.25,4.2,6.4,4.07692307692308,4.2,84,26,32,272,46,50,42,38,46,50,70,100,0,0,0
"22",22,15,27,31.25,15,16.25,0.0833333333333333,2.59090909090909,201,25,3,7,3.5,4,4,6.5,3.5,2.375,3.9,3.3,3.61538461538462,4.6,128,72,30,249,45,39,40,40,41,44,53,75,10,10,5
"23",23,29,17,24.75,28.25,-3.5,0,2,114,44,4,6,2,5,1,7,5,4.5,4.4,5.6,4.30769230769231,4.2,102,48,33,245,46,32,34,43,41,49,41,80,10,8,2
"24",24,30,50,37.5,12.5,25,0.375,3.1,217,50,2,5,6,3,6,4,4.5,3,3.7,4.4,2.61538461538462,3.4,115,53,35,182,34,25,32,28,33,30,55,30,10,20,40
"25",25,60,40,37.5,5,32.5,0.375,3.11111111111111,267,60,2,3,5.5,2.5,6.5,4,3,2.5,3.9,2.9,2.15384615384615,4.8,147,78,40,197,21,32,23,36,39,46,66,50,25,10,15
"26",26,25,10,21.25,8.25,13,0.166666666666667,2.72222222222222,133,20,2,7,3.5,5,3.5,7,6.5,3.625,4.1,5.5,3.92307692307692,3.8,113,51,45,245,46,41,36,41,38,43,60,10,80,5,5
"27",27,25,32,22.5,19.75,2.75,0.125,1.58823529411765,89,21,5,6,4.5,3.5,4.5,5,4.5,2.625,3.8,4.8,2.92307692307692,3.4,102,46,36,219,39,32,34,36,38,40,55,40,25,10,25
"28",28,55,34,26.25,10,16.25,0.166666666666667,2.26666666666667,149,26,5,6,5.5,3.5,6,2.5,4.5,2.125,3.2,5,1.53846153846154,3.6,116,57,31,196,24,34,26,36,33,43,54,25,25,10,40
"29",29,20,39,22.5,10.75,11.75,0.0416666666666667,1.87096774193548,207,55,5,4,3.5,4,3.5,6,4,2.5,3.6,4.8,1.76923076923077,3,142,86,28,195,50,26,28,27,32,32,50,20,40,10,30
"30",30,65,70,58.75,22.5,36.25,0.0625,2.9,239,65,2,5,4.5,3.5,4,3.5,1.5,1.625,4,2.7,2.30769230769231,2.4,130,62,41,196,22,38,35,38,38,25,41,44,8,4,44
"31",31,20,70,21.25,3.5,17.75,0.25,1.8,140,30,5,7,4,5.5,4,4.5,6,3.375,3.5,5.4,2.84615384615385,3.6,101,40,38,172,32,25,19,28,33,35,40,13,50,12,25
"32",32,70,49,52.25,27.5,24.75,0.166666666666667,2.29411764705882,136,52,1,4,6,3,6.5,4,3,2.75,3.2,4.2,2.61538461538462,4.8,120,56,34,193,24,31,29,29,38,42,40,40,30,10,20
"33",33,30,30,15,31.25,-16.25,0.0833333333333333,2,119,35,1,6,4,5,4,6,5.5,3.75,4,4.1,3.76923076923077,4.6,117,60,43,227,41,28,35,37,45,41,64,70,20,5,5
"34",34,26,30,22.25,12.25,10,0.125,1.23529411764706,71,21,2,6,4.5,5,4,5.5,4.5,3.5,3.7,5.6,3.61538461538462,3.4,136,65,41,208,33,31,34,39,34,37,62,30,30,20,20
"35",35,30,27,27.5,29.75,-2.25,0.375,1.54545454545455,130,29,5,8,3.5,6,4,5.5,4,3.375,3.8,5.4,3.07692307692308,4.2,116,53,37,194,24,25,30,38,35,42,58,50,25,15,10
"36",36,35,55,32.5,13.75,18.75,0.166666666666667,2.375,208,55,2,4,3.5,2.5,3,3.5,3,2.375,3.4,3.5,2.69230769230769,4,121,63,31,205,28,38,32,41,36,30,51,50,20,5,25
"37",37,91,50,46.5,28,18.5,0.416666666666667,2.38888888888889,142,49,3,1,4,4,4,4.5,6.5,3.25,3,5.2,3.15384615384615,4.2,130,68,41,197,28,30,39,30,30,40,54,50,20,20,10
"38",38,20,40,17.5,17.5,0,0.0416666666666667,1.88235294117647,103,40,3,8,4,4.5,4,4.5,5,3.375,3.3,4.3,3.53846153846154,3.4,107,52,38,197,27,33,29,41,36,31,66,30,40,10,20
"39",39,15,30,17.5,20,-2.5,0,1.84,174,50,2,4,1.5,3.5,4,6,4.5,2.875,3.6,4,3.92307692307692,3,95,37,44,236,46,35,35,35,43,42,69,60,20,10,10
"40",40,30,40,28.75,27.5,1.25,0.145833333333333,1.625,112,40,3,5,4,4.5,6,6,5,2.875,3.8,4.4,3.53846153846154,4.2,107,47,41,208,35,31,28,38,36,40,63,40,30,10,20
"41",41,25,5,37.5,33.75,3.75,0.583333333333333,2.89473684210526,214,50,2,5,5.5,4,7,6,4.5,3.125,3.1,5.9,2.84615384615385,5,112,49,36,205,34,31,26,33,37,44,51,25,40,0,35
"42",42,30,30,56.25,18.75,37.5,0,2.76190476190476,224,55,2,4,2,2,3.5,4.5,3,2.125,4.3,4.4,2.84615384615385,3.8,107,47,33,240,41,44,39,42,38,36,63,45,15,5,35
"43",43,15,25,21.25,26.25,-5,0.0833333333333333,2.07407407407407,202,40,5,10,3,2.5,4.5,4.5,6,5,4.1,6.4,5,4,98,31,53,236,25,43,34,42,42,50,84,35,35,5,25
"44",44,30,60,26.25,16.25,10,0,1.67857142857143,220,50,3,5,4.5,4.5,4,6.5,5.5,3.75,4.4,4.1,3.38461538461538,4.2,114,61,35,230,42,37,35,35,39,42,49,50,28,2,20
"45",45,3,22,20.75,25.25,-4.5,0,1.72222222222222,96,17,7,7,5,5.5,3.5,7,6,3.25,3,4.3,4.15384615384615,3.8,100,42,39,236,46,45,25,39,40,41,52,70,5,10,15
"46",46,30,50,32,13.25,18.75,0.166666666666667,2.57142857142857,88,60,4,5,3.5,3.5,4,5.5,3.5,2.5,3.7,3.2,2.30769230769231,3.6,131,66,36,184,32,34,28,26,29,35,47,30,10,10,50
"47",47,12,28,8.25,2.25,6,0.125,2.1875,129,45,4,7,2.5,4,4,4.5,5,3,4.7,4.8,1.46153846153846,3.8,127,61,41,163,44,17,23,20,29,30,39,50,15,20,15
"48",48,40,75,57.25,38,19.25,0.208333333333333,2.90909090909091,205,60,3,7,3,3.5,5,3.5,5,3.5,3.8,4.8,2.38461538461538,3.2,142,72,40,179,27,32,33,32,30,25,53,45,25,20,10
"49",49,15,0,11,13.75,-2.75,0.145833333333333,1.78260869565217,171,30,6,7,5.5,3.5,5,5,5,3.75,4.8,5.2,2.76923076923077,4.4,111,46,42,222,24,43,33,34,43,45,56,40,30,10,20
"50",50,25,40,16.25,7.5,8.75,0.0833333333333333,1.4,108,40,2,5,4,4,3.5,5,4.5,2.25,3.7,4.5,2.53846153846154,3.8,126,58,41,214,43,36,30,35,35,35,59,50,15,15,20
"51",51,35,23,19.75,16.25,3.5,0.0833333333333333,2.17391304347826,168,20,5,7,5.5,4,4.5,5.5,5.5,3.375,3.8,4.8,3.61538461538462,4.4,104,51,39,231,41,42,35,35,38,40,56,50,35,10,5
"52",52,52,52,44,66.75,-22.75,0,2.55555555555556,179,83,2,3,2.5,2.5,2,3.5,1.5,2.5,3.8,3.2,2.61538461538462,3.8,106,56,27,196,36,32,33,30,31,34,32,70,15,10,5
"53",53,39,36,33.5,44.75,-11.25,0,2.2,136,28,1,4,4,3,3.5,6,6,3.125,3.2,2.2,2.92307692307692,2.4,103,44,36,218,38,34,34,41,37,34,43,50,30,10,10
"54",54,24,39,27,6.25,20.75,0,1.55555555555556,140,40,2,4,6,4,3.5,5.5,2,3,3.6,4.7,2.23076923076923,5,92,42,32,217,42,31,30,40,41,33,67,50,20,0,30
"55",55,15,15,19.25,14.75,4.5,0.458333333333333,1.28,140,13,4,4,2,4.5,4,5,5.5,3.875,4,3,3.84615384615385,3.8,107,54,37,239,45,39,31,46,36,42,59,50,30,10,10
"56",56,81,40,37.25,25.5,11.75,0.541666666666667,2.95833333333333,260,46,1,3,4,3.5,4.5,5.5,3.5,2.875,4.8,4.3,3.07692307692308,4,105,58,20,219,42,31,34,35,38,39,46,25,20,25,30
"57",57,10,15,13.5,0,13.5,0.125,1.5,67,15,6,8,5.5,6,5,6,6,3,4,6.1,3.30769230769231,3.8,113,54,41,237,38,29,37,47,45,41,45,40,15,10,35
"58",58,30,23,13.25,7.25,6,0.125,2.88,269,23,2,10,3,3.5,3.5,4.5,3,3.25,4.5,6.1,2.61538461538462,5,107,59,29,182,30,31,35,24,38,24,55,35,35,0,30
"59",59,23,45,12.25,2.5,9.75,0.583333333333333,1.82142857142857,217,50,3,6,5.5,3,4.5,5.5,4,3.375,4,4.9,2.84615384615385,4.4,110,42,44,225,37,40,37,31,38,42,60,50,30,10,10
"60",60,40,39,35.75,15.5,20.25,0.541666666666667,2.5625,144,34,3,6,4.5,6,3,7,5,3.125,4.1,3.9,3.23076923076923,2.8,123,59,38,238,45,47,32,45,41,28,56,60,10,10,20
"61",61,25,24,21.75,11,10.75,0.0625,2.26086956521739,217,29,6,8,5.5,3.5,5,5.5,5,3.125,4.6,5.8,3.69230769230769,4.8,123,64,43,233,38,38,34,40,37,46,58,30,50,5,15
"62",62,70,50,53.5,40.25,13.25,0.125,1.03448275862069,150,40,2,0,1.5,4.5,3,7,5,3.75,4,7,3.46153846153846,4.2,121,57,41,233,38,38,37,31,41,48,55,50,30,10,10
"63",63,40,20,15,1.25,13.75,0.666666666666667,1.80769230769231,155,30,4,4,4,4.5,3.5,5.5,4,2.875,3.6,5.2,2.53846153846154,3.8,122,59,39,224,40,37,34,38,36,39,50,40,30,20,10
"64",64,35,50,47.5,22.5,25,0.166666666666667,3.38095238095238,281,70,1,5,3.5,3.5,2,6,4.5,2.375,3.6,4.7,2.69230769230769,4.8,128,59,40,246,45,40,34,36,43,48,49,50,5,10,35
"65",65,25,10,16.25,10,6.25,0.0833333333333333,3.09090909090909,206,62,2,8,4,2.5,4,4,5.5,1.875,3.9,5.3,2.53846153846154,3.2,93,39,29,182,24,36,34,28,29,31,42,60,15,5,20
"66",66,40,30,30,3.75,26.25,0.125,2.42857142857143,209,30,2,3,5.5,4.5,4,5.5,5,4.125,3.7,3.1,2.84615384615385,4.2,122,63,38,216,39,41,31,34,35,36,58,65,10,5,20
"67",67,20,40,30,13.75,16.25,0.3125,2,140,40,4,6,4,4.5,5,6,5,4.25,4.6,5,3.76923076923077,4.8,104,50,35,235,39,40,30,37,45,44,50,45,20,20,15
"68",68,50,0,62.5,8.75,53.75,0,2,16,0,5,6,4,4.5,4,5,5,2.375,3.9,6,2.15384615384615,3,131,61,41,209,45,21,31,49,31,32,52,25,5,20,50
"69",69,24,25,22,17.75,4.25,0.125,2,192,20,5,6,4,5,3.5,6,4,2.75,4.9,3.6,4.30769230769231,5,132,65,49,241,40,40,27,47,43,44,59,30,35,15,20
"70",70,20,28,18.75,23.5,-4.75,0.104166666666667,1.375,109,21,4,6,4.5,4.5,4.5,5,4,3.125,4.3,5.6,3.30769230769231,3.6,135,67,46,215,35,37,36,39,28,40,56,45,20,20,15
"71",71,44,29,13.25,2.75,10.5,0.25,2.36842105263158,140,24,5,6,5.5,5,3.5,7,6,3.625,4.2,5.4,3.46153846153846,5,98,52,33,252,46,48,37,33,39,49,54,78,5,3,14
"72",72,30,26,27.5,28,-0.5,0,0.846153846153846,82,25,6,8,4.5,5.5,4,5.5,4.5,3.5,3.5,4.9,3.38461538461538,4,113,54,37,191,36,27,30,31,33,34,55,20,40,10,30
"73",73,20,18,15.5,25,-9.5,0.125,1.6,148,25,5,7,4.5,5,4.5,5,4.5,2.75,4.4,4.7,3.23076923076923,3.4,124,58,42,200,41,47,41,18,16,37,58,40,30,20,10
"74",74,18,18,16.5,17.25,-0.75,0.166666666666667,1.86363636363636,161,16,4,7,6,6,5.5,6,5.5,4.125,3.6,6.6,3.38461538461538,4.2,116,57,36,216,32,40,29,36,35,44,63,30,40,20,10
"75",75,30,20,27.5,7.5,20,0.333333333333333,2.46666666666667,111,25,5,6,5.5,5,6,7,4.5,3.375,3.9,6.5,2.61538461538462,4,96,43,33,198,39,22,30,25,37,45,43,50,10,20,20
"76",76,24,23,14.75,8,6.75,0,3.5,137,30,6,7,4,6.5,4,6.5,5.5,3.5,3.9,5.4,3.61538461538462,4.2,92,40,33,244,48,38,33,42,41,42,74,5,60,0,35
"77",77,36,29,41,19.5,21.5,0.166666666666667,4.42105263157895,276,39,6,5,3.5,5.5,5.5,4.5,6,2.75,3.8,6.4,2.92307692307692,4.4,125,59,48,187,29,25,27,31,39,36,56,40,20,10,30
"78",78,30,50,50,28.75,21.25,0.0833333333333333,4.66666666666667,449,30,1,2,3.5,2.5,4,4.5,4.5,2.125,4.1,4.9,1.69230769230769,4.8,142,68,35,225,28,42,35,43,32,45,54,50,10,5,35
"79",79,70,49,38.75,30,8.75,0.208333333333333,3.9,120,90,1,2,2,4,3,6.5,3.5,2.625,3.4,2.4,3.53846153846154,4,82,49,16,238,49,33,34,39,40,43,37,80,5,5,10
"80",80,40,60,39.5,34.25,5.25,0.208333333333333,4,121,70,4,4,2.5,3,2,5,2.5,1.75,1.5,5.2,4.15384615384615,1.6,106,50,28,178,45,22,26,34,35,16,33,10,10,10,70
"81",81,20,8,9,7.5,1.5,0,2,280,4,5,8,6.5,6.5,6.5,7,7,4.25,4,6.7,4.53846153846154,4.4,75,25,38,217,34,34,36,36,36,41,72,25,25,25,25
"82",82,30,25,32.5,33.75,-1.25,0.25,3.64285714285714,186,60,1,8,2,2.5,3,5.5,4.5,2.25,3.5,2.7,2.30769230769231,2.2,120,59,40,189,35,32,25,37,28,32,49,30,20,20,30
"83",83,25,30,12.5,27.5,-15,0.375,3.60869565217391,366,40,1,0,4,4,4.5,7,4.5,3.375,4.5,6.7,4.07692307692308,5,84,37,32,251,45,45,32,38,42,49,64,30,20,30,20
"84",84,71,91,73,0,73,0.0833333333333333,5.09523809523809,440,89,5,8,3,1.5,3,4.5,3,2,2.8,5.4,1.61538461538462,3.6,127,61,37,162,29,33,24,21,28,27,33,20,10,20,50
"85",85,60,50,34.75,30,4.75,0,5,424,50,3,7,5.5,4,5,5,4,2.875,3.4,4.6,2.23076923076923,3,120,64,28,212,31,42,33,36,39,31,44,30,20,20,30
"86",86,50,55,55,32.5,22.5,0.291666666666667,4.88888888888889,222,50,4,5,4,6,4,5.5,5.5,3.25,3.8,4.9,3.46153846153846,4,101,47,34,208,32,32,34,39,36,35,64,30,20,30,20
"87",87,57,74,44.5,25.75,18.75,0.291666666666667,4.69565217391304,348,70,2,4,2,3,3,6.5,5,3.125,3.5,3.3,2.92307692307692,4,99,43,40,252,44,39,35,45,43,46,53,70,12,5,13
"88",88,19,29,23.75,23,0.75,0,3.38095238095238,261,16,5,4,2.5,5,4,5.5,5,2.875,3,6.6,2.61538461538462,3,126,56,39,180,40,23,21,30,33,33,34,40,30,5,25
"89",89,15,24,13,6.75,6.25,0.125,4.6,172,14,6,6,5,4,6.5,6,6,3.625,3.9,5.4,3.07692307692308,4.4,97,37,39,197,29,30,27,28,43,40,66,20,40,10,30
"90",90,20,33,24,66.25,-42.25,0.25,3.83333333333333,152,29,2,7,1.5,4.5,1.5,4.5,3.5,4,3.2,4.1,4.07692307692308,2.8,104,58,29,234,44,32,33,43,40,42,63,70,20,5,5
"91",91,55,65,47,50.5,-3.5,-0.0833333333333333,3.08695652173913,313,21,4,7,4,5.5,4,4.5,6.5,2.625,4.1,4.7,2.92307692307692,3.8,136,64,45,184,30,30,30,30,33,31,49,40,20,25,15
"92",92,55,53,30,28.75,1.25,0,4.54545454545454,308,56,1,6,2,3.5,4,3.5,4.5,2.625,3.6,4.8,2.92307692307692,3.8,139,74,41,204,22,33,30,38,35,46,73,50,10,25,15
"93",93,45,35,37.25,13.75,23.5,0.104166666666667,3.90322580645161,486,37,6,3,4,5,4.5,4.5,4.5,3.125,3.5,4.9,3.07692307692308,3.4,101,53,29,200,34,29,33,36,34,34,51,40,15,10,35
"94",94,35,45,35,19.25,15.75,0.0833333333333333,4.5,304,55,4,5,2,3.5,4.5,5.5,3,2.875,3.5,2.5,2.30769230769231,1.8,124,80,23,202,27,27,29,41,33,45,50,40,40,5,15
"95",95,15,19,2,1.25,0.75,0,2,52,28,6,8,4.5,5.5,4.5,5.5,5,4.125,3,5.2,3.61538461538462,3,113,51,38,198,36,30,26,36,40,30,59,35,45,10,10
"96",96,12,50,37,33.5,3.5,0,3.76923076923077,353,30,5,9,5,4,5,4.5,6,2.5,4.1,4.7,3,3.4,107,44,46,206,43,37,35,31,32,28,49,70,15,10,5
"97",97,30,30,17.5,10,7.5,0.208333333333333,4.09523809523809,358,10,2,5,2,3.5,3.5,5.5,5.5,2.625,3.4,5.6,2.84615384615385,3,110,48,33,219,42,32,33,38,38,36,48,20,35,20,25
"98",98,22,65,37.25,31.5,5.75,0.145833333333333,4.86206896551724,705,60,3,3,3,4,2.5,3.5,5,2.875,4.2,5.2,2.38461538461538,4.8,122,59,41,215,27,37,36,42,36,37,72,35,5,10,50
"99",99,25,40,23,10.5,12.5,0.0833333333333333,5.34615384615385,487,35,1,6,2.5,3.5,4,6,3.5,2.75,3,5.1,2.69230769230769,3.8,118,58,32,212,41,32,26,38,36,39,63,40,10,10,40
"100",100,25,30,20,22.5,-2.5,0.25,4.64,418,37,4,7,1.5,4,3.5,5.5,4.5,2.5,3.8,5.4,1.92307692307692,2.6,131,71,42,191,37,32,30,36,34,22,51,60,20,10,10
"101",101,60,39,52.5,81.25,-28.75,0.25,3.71428571428571,169,50,6,6,2.5,2,4.5,4.5,3,1.875,3.9,5.2,1.46153846153846,2.6,111,57,32,179,26,30,31,29,36,27,52,40,30,10,20
"102",102,27,34,46,53.75,-7.75,0,4.22222222222222,99,44,2,6,3.5,3.5,3.5,5.5,4,3,4,2.3,2.69230769230769,2.6,106,46,36,179,22,28,28,34,34,33,43,50,10,20,20
"103",103,11,19,23.75,21,2.75,0.333333333333333,4,360,19,2,1,4,3.5,7,4.5,6,2.875,3.9,5.2,2.69230769230769,4.8,112,56,32,161,18,16,21,26,42,38,55,50,20,25,5
"104",104,22,30,26.25,28.75,-2.5,0.291666666666667,3.93333333333333,242,35,5,6,4.5,4.5,5.5,5.5,5,3.375,3.7,5.3,3.53846153846154,3.2,109,56,33,218,43,40,26,43,35,31,54,40,30,20,10
"105",105,20,31,23.5,25.5,-2,0,3.20833333333333,277,39,5,5,5,5,4.5,5,4.5,3.375,3.8,5.5,3.15384615384615,3.2,113,55,36,218,38,37,35,36,35,37,56,70,15,10,5
"106",106,20,20,12.5,25,-12.5,0,3.70588235294118,209,40,1,5,5,2,4,7,3.5,3.5,4.1,5.8,3.92307692307692,2.4,111,51,47,245,23,50,37,47,44,44,73,20,60,10,10
"107",107,40,35,38.75,45,-6.25,0.395833333333333,2.33333333333333,240,5,6,6,7,4,3,7,5.5,3.375,4.3,5.6,3.07692307692308,4.2,117,52,37,235,38,45,40,33,42,37,56,20,20,30,30
"108",108,40,20,35,12.5,22.5,0.291666666666667,3.45833333333333,291,25,3,1,4.5,5.5,3,7,5,2.75,4.8,4.4,2.84615384615385,3.2,116,53,39,222,35,39,42,36,35,35,54,20,10,20,50
"109",109,13,24,10.75,20.5,-9.75,0.5,4.42105263157895,274,10,4,5,4,4.5,3,7,4.5,3.5,4,4.1,3.76923076923077,3.8,111,55,38,240,42,44,36,35,38,45,54,80,10,5,5
"110",110,65,75,21.25,6.25,15,0.104166666666667,4.625,283,85,5,4,4,4,6,4.5,2.5,2.875,3.6,3.7,2.69230769230769,1.8,87,52,19,205,31,35,34,39,32,34,44,50,20,10,20
"111",111,20,41,24.75,16,8.75,0.0833333333333333,4.57692307692308,456,25,5,7,5,3,4,5.5,3,2.125,3.2,3.7,2.46153846153846,3.2,114,45,41,199,35,32,28,32,35,37,46,15,40,15,30
"112",112,29,9,22.5,17.75,4.75,0.166666666666667,2.78947368421053,217,19,6,7,3.5,5,5.5,7,5.5,3.75,3.8,3.8,3.61538461538462,4.6,126,60,48,202,29,34,23,36,35,45,50,20,45,30,5
"113",113,68,38,18.5,15.75,2.75,0.625,2.58333333333333,196,40,4,7,3.5,4.5,5.5,4.5,4.5,3,4.5,3.9,2.92307692307692,4.2,135,64,43,228,39,41,28,33,44,43,63,60,20,10,10
"114",114,11,42,7.75,12.75,-5,0.958333333333333,1,103,21,6,8,6,7,4.5,6.5,6,4.5,4.1,6.7,4.38461538461539,4.4,98,34,48,264,49,38,41,43,43,50,76,50,40,0,10
"115",115,30,40,45.75,44.25,1.5,0.0416666666666667,4.23076923076923,187,60,5,6,4,2.5,4,4.5,2,2,4,4.4,1.76923076923077,2.2,115,68,18,195,35,25,34,39,31,31,37,40,5,5,50
"116",116,58,59,37,20,17,0,3,130,60,2,3,4,6,4.5,4,4.5,2.625,3.1,2.4,2.15384615384615,2.8,124,59,33,181,22,29,38,33,37,22,53,42,37,11,10
"117",117,35,55,41.25,11.25,30,0,2.94736842105263,292,80,4,4,4.5,5,3.5,6,4.5,3.625,3.4,3.5,3.07692307692308,3.6,112,58,35,226,33,42,35,40,36,40,52,50,10,20,20
"118",118,20,30,23.75,7.5,16.25,0.458333333333333,2,204,40,4,5,5,4,5,6,3.5,4,4.4,5.6,4,5,94,49,28,237,44,35,34,37,39,48,56,50,15,15,20
"119",119,20,27,16.5,7.5,9,0,2.40909090909091,288,22,6,6,4.5,5,4.5,5,5,3.375,3.4,4.2,2.84615384615385,3.2,110,54,36,221,40,38,34,34,37,38,62,50,25,5,20
"120",120,45,45,8.75,7.5,1.25,0.583333333333333,2.65,239,41,4,5,4.5,5,4.5,5.5,4.5,3.5,3.7,4.8,3,3.4,94,41,39,217,37,36,35,36,35,38,53,60,20,10,10
"121",121,10,9,10.5,21.25,-10.75,0,2.5,70,9,4,6,1.5,6,4,6,3.5,3.125,2.6,4.1,3.76923076923077,2.6,103,46,43,201,38,27,28,43,35,30,54,40,20,30,10
"122",122,25,40,32.75,38.5,-5.75,0.208333333333333,1.58333333333333,196,19,5,5,5.5,3.5,4,5.5,3.5,3.375,3.6,4.2,3.61538461538462,2.4,94,46,30,216,38,35,37,38,34,34,55,30,20,15,35
"123",123,70,62,58.5,40.25,18.25,0.166666666666667,4.31034482758621,722,72,2,3,3,3,4.5,4.5,4,2.5,4,2.7,1.61538461538462,3.8,132,69,35,207,30,37,35,35,31,39,55,15,25,5,55
"124",124,40,54,57,61.25,-4.25,0.75,3.30434782608696,334,48,7,3,5.5,3.5,6.5,7,7,3.125,4.9,5.2,3.07692307692308,4.2,127,59,47,217,47,34,38,19,44,35,50,25,10,15,50
"125",125,19,60,46.75,37,9.75,0.333333333333333,2.72727272727273,142,69,1,5,3.5,2.5,4,4,3.5,2.125,4.2,3.8,2.38461538461538,4,97,47,29,179,23,30,25,35,37,29,46,40,7,3,50
"126",126,18,28,26,36.25,-10.25,0.541666666666667,3,353,19,5,8,2.5,4.5,3.5,6,6.5,4.375,3.2,5.3,3.76923076923077,3.4,103,39,42,240,40,43,33,39,42,43,65,45,25,15,15
"127",127,15,43,46.25,27,19.25,0.208333333333333,1.6,65,42,6,6,4,5.5,5.5,6.5,4.5,4.125,3.7,4.5,2.84615384615385,4.4,109,55,38,192,39,30,23,29,35,36,56,45,30,0,25
"128",128,42,46,33.5,11,22.5,-0.166666666666667,2.4,153,7,7,8,5.5,4.5,5,5.5,4.5,3.375,2.8,6.5,3.23076923076923,3.4,102,44,32,193,29,29,28,32,39,36,57,60,20,15,5
"129",129,30,50,50,0,50,0,4.07142857142857,399,49,1,1,4,4,3.5,4.5,3,3,3.5,3.7,1.61538461538462,3.6,104,56,23,160,39,26,30,14,15,36,54,60,0,20,20
"130",130,30,20,20,0,20,0.0833333333333333,1.19047619047619,125,40,3,3,3.5,4,4,4.5,3.5,3.625,3.5,3.6,3.61538461538462,3.2,118,57,39,237,50,37,32,33,37,48,68,60,10,5,25
"131",131,70,52,71.75,22.5,49.25,1.125,4.8,657,62,2,2,3.5,1.5,4.5,3.5,3,2.375,3.5,4.8,2.07692307692308,3.8,141,76,37,187,23,36,27,28,37,36,61,10,20,30,40
"132",132,20,40,13.5,42.5,-29,0,2.42857142857143,265,40,3,6,4.5,2.5,3.5,3.5,3.5,2.25,3.6,5.7,2.30769230769231,2.2,100,30,53,171,15,33,29,21,39,34,79,30,10,10,50
"133",133,22,29,42.5,18.25,24.25,0.0958333333333334,4,372,85,4,2,2.5,5,3,3,5,2.75,2.3,1.4,3.15384615384615,3,142,85,34,212,47,27,25,41,40,32,56,90,2,3,5
"134",134,24,20,16.5,24.75,-8.25,0.25,3.07692307692308,124,30,5,6,2.5,2.5,3,4.5,4.5,4.25,4.3,4.2,3.30769230769231,4.2,102,61,31,217,45,22,30,36,39,45,62,30,25,30,15
"135",135,40,29,34,23,11,0.354166666666667,4.07142857142857,245,50,4,8,4,3,3.5,4.5,4.5,2.75,3.2,4.3,2.61538461538462,2.6,110,49,37,214,33,30,36,43,37,35,38,50,25,12.5,12.5
"136",136,30,40,35,20,15,0.166666666666667,3.70833333333333,331,25,4,6,4.5,4,4,5.5,5.5,1.875,3.4,5.4,1.84615384615385,2.8,126,61,39,185,41,25,29,29,28,33,62,40,30,10,20
"137",137,26,15,15,7.75,7.25,0.604166666666667,3.36842105263158,273,17,4,7,4.5,5.5,5.5,6,4,4.25,4,5.2,3.61538461538462,4.2,97,43,39,213,37,34,34,31,39,38,61,80,10,7,3
"138",138,39,40,34.5,30.25,4.25,0.5,3.5,264,24,5,6,2.5,3.5,4,4.5,4.5,3.75,4.4,4.6,4.30769230769231,4.2,103,48,38,192,30,23,33,32,32,42,63,20,60,10,10
"139",139,5,19,13,9,4,0,1.29411764705882,118,21,7,8,4,6,4,7,6.5,3.125,3.6,6.4,4.23076923076923,3.6,108,51,37,271,48,49,38,48,43,45,54,40,10,25,25
"140",140,15,60,31.25,17.5,13.75,0.104166666666667,5.05,285,35,5,5,6.5,4,6.5,7,2.5,3.75,3.2,4.8,2.69230769230769,3.8,101,50,29,218,37,32,34,42,37,36,54,60,10,15,15
"141",141,61,57,63.5,22.5,41,0,4.16666666666667,330,68,5,5,4,1,3.5,4,6,2.125,3.4,3.7,1.61538461538462,3.6,137,76,32,174,32,25,28,30,26,33,54,20,25,25,30
"142",142,5,10,7.75,1.5,6.25,0,2.18181818181818,247,12,3,6,2,4,3,6,5,3.75,3.8,5.3,2.69230769230769,3.8,116,47,40,208,32,29,36,28,45,38,57,80,5,5,10
"143",143,35,50,30.25,7.75,22.5,0,4.31818181818182,373,41,4,6,2,4.5,3.5,5,5,2.75,2.5,4.7,2.53846153846154,4.6,126,61,41,225,39,38,27,41,43,37,63,50,15,5,30
"144",144,25,30,41,27,14,0.0833333333333333,4.10714285714286,604,35,3,4,2,2,3,6,2.5,2.625,4,3.2,2.38461538461538,4.4,109,57,30,228,46,31,30,39,34,48,47,50,10,20,20
"145",145,15,60,51.25,0,51.25,0.0833333333333333,4.58823529411765,345,60,6,5,4,2,2.5,4,2.5,2,3.1,3.4,2,3.2,110,63,22,183,23,28,35,34,31,32,35,80,5,15,0
"146",146,60,40,40,10,30,0,3.625,300,60,2,8,4.5,2.5,5,4.5,2,2.5,3.6,6.5,2.30769230769231,3.4,123,55,44,225,33,46,31,32,37,46,67,60,20,0,20
"147",147,25,53,18.75,14.75,4,0.333333333333333,2.33333333333333,182,57,6,8,4.5,5.5,4.5,5,6,3.375,4.1,6.1,4.38461538461539,4,118,60,37,216,40,25,32,45,34,40,35,25,30,15,30
"148",148,50,60,42.5,57.5,-15,0.208333333333333,4.33333333333333,725,50,2,6,3.5,4,3.5,6,5,3.125,4.4,4.4,2.92307692307692,4,115,64,33,229,48,40,36,35,34,36,66,40,35,15,10
"149",149,15,20,17.5,3.75,13.75,0.104166666666667,1.5,99,15,4,6,6,6,4,6,5,2.75,3.4,6.6,3.92307692307692,3.4,112,44,47,214,33,28,42,41,35,35,57,30,20,10,40
"150",150,60,70,73.75,12.5,61.25,0,3.66666666666667,222,70,3,8,4,5,1.5,5,4,3,2.4,3.5,1.69230769230769,3.8,139,74,31,221,44,34,40,39,39,25,37,5,0,10,85
"151",151,17,41,42,15.75,26.25,0,3.55555555555556,291,43,2,5,4,5.5,2.5,5.5,5.5,3.125,4.1,5.5,3.46153846153846,4.6,119,46,46,230,39,34,36,39,41,41,53,60,20,15,5
"152",152,35,45,51.5,40.5,11,0.416666666666667,3.17391304347826,397,35,5,7,4.5,4.5,4.5,4,5,2.5,2.8,4.7,2.76923076923077,3,125,61,39,188,35,37,28,28,30,30,47,60,5,5,30
"153",153,45,40,38.25,17.5,20.75,0.0416666666666667,3.21428571428571,242,55,2,6,3,3,3.5,5,2.5,2.625,3.4,5.7,2.61538461538462,3.4,107,52,28,205,40,34,31,26,36,38,43,10,50,20,20
"154",154,29,25,29.75,11.5,18.25,0.25,2.38461538461539,200,24,4,7,5,3.5,5.5,6.5,4.5,3.375,2.9,4,3.38461538461538,3.4,95,43,36,214,36,41,34,38,33,32,56,45,15,20,20
"155",155,80,67,57.75,47.75,10,0.125,2.76190476190476,299,55,3,4,2.5,2.5,4,3.5,3,2.625,4.2,3.3,2.38461538461538,2.6,140,78,33,178,29,37,22,30,31,29,58,25,35,15,25
